{"stat.craftItem.50":164,"stat.mineBlock.53":1,"stat.useItem.3":125,"stat.craftItem.257":1,"stat.useItem.65":18,"achievement.exploreAllBiomes":{"value":0,"progress":["Forest","River"]},"stat.useItem.290":45,"stat.useItem.324":2,"stat.useItem.53":4,"stat.craftItem.333":1,"stat.mineBlock.54":2,"stat.mineBlock.1":436,"stat.craftItem.307":1,"achievement.openInventory":35,"stat.damageDealt":200,"stat.mineBlock.31":20,"stat.useItem.50":60,"stat.useItem.5":12,"stat.craftItem.297":2,"stat.useItem.270":120,"stat.fallOneCm":16767,"stat.craftItem.320":4,"stat.flyOneCm":3660,"stat.craftItem.65":102,"stat.craftItem.102":64,"stat.craftItem.292":1,"stat.craftItem.271":1,"stat.breakItem.274":2,"stat.mineBlock.61":1,"stat.damageTaken":2110,"stat.craftItem.58":1,"stat.craftItem.5":284,"stat.craftItem.256":1,"stat.useItem.269":120,"stat.climbOneCm":47003,"stat.mineBlock.39":5,"stat.craftItem.270":1,"stat.craftItem.263":123,"stat.drop":7,"stat.mineBlock.38":1,"stat.craftItem.324":2,"achievement.mineWood":225,"stat.mineBlock.17":233,"stat.mineBlock.20":8,"stat.mineBlock.12":283,"stat.craftItem.20":453,"stat.mineBlock.58":1,"stat.playOneMinute":236302,"stat.mineBlock.15":23,"stat.craftItem.275":2,"stat.craftItem.53":12,"stat.killEntity.Pig":2,"stat.craftItem.267":1,"stat.leaveGame":1,"stat.diveOneCm":27798,"stat.breakItem.275":2,"stat.useItem.54":10,"stat.useItem.295":19,"stat.useItem.61":5,"stat.useItem.273":136,"stat.craftItem.1":157,"stat.breakItem.273":1,"stat.boatOneCm":3442,"stat.craftItem.290":1,"stat.craftItem.269":2,"stat.mineBlock.18":58,"stat.useItem.58":2,"stat.craftItem.280":308,"stat.swimOneCm":34467,"stat.craftItem.268":1,"stat.useItem.275":267,"stat.walkOneCm":581881,"stat.useItem.274":394,"stat.breakItem.270":2,"stat.craftItem.325":1,"stat.jump":1187,"stat.craftItem.265":23,"stat.useItem.12":2,"stat.craftItem.61":4,"stat.mineBlock.16":45,"stat.useItem.256":250,"stat.mineBlock.3":329,"stat.mobKills":2,"stat.craftItem.54":8,"stat.useItem.1":88,"stat.mineBlock.50":5,"stat.craftItem.309":1,"stat.useItem.20":373,"stat.craftItem.273":1,"stat.useItem.102":28,"stat.breakItem.269":2,"stat.craftItem.274":3}