{"stat.damageDealt":10,"achievement.exploreAllBiomes":{"value":0,"progress":["Forest","Beach","River"]},"stat.mineBlock.31":1,"achievement.openInventory":2,"stat.craftItem.333":2,"stat.craftItem.5":28,"stat.craftItem.58":1,"stat.fallOneCm":3856,"stat.flyOneCm":2607,"stat.drop":1,"stat.useItem.269":180,"stat.leaveGame":2,"stat.diveOneCm":218,"achievement.mineWood":1,"stat.mineBlock.58":1,"stat.mineBlock.17":8,"stat.playOneMinute":18862,"stat.boatOneCm":3391,"stat.craftItem.269":4,"stat.mineBlock.12":183,"stat.mineBlock.18":5,"stat.jump":220,"stat.mineBlock.3":3,"stat.useItem.58":2,"stat.craftItem.280":4,"stat.swimOneCm":4145,"stat.walkOneCm":46085,"stat.breakItem.269":3}